-- =====================================================================
-- Seed del torneo: Copa Mundial FIFA 2026
-- Generado desde scripts/tournament-config.json
-- =====================================================================

-- Equipos
insert into public.teams (code, name, group_letter, flag_emoji) values
  ('MEX', 'México', 'A', '🇲🇽'),
  ('RSA', 'Sudáfrica', 'A', '🇿🇦'),
  ('KOR', 'Corea del Sur', 'A', '🇰🇷'),
  ('CZE', 'Chequia', 'A', '🇨🇿'),
  ('CAN', 'Canadá', 'B', '🇨🇦'),
  ('BIH', 'Bosnia y Herzegovina', 'B', '🇧🇦'),
  ('QAT', 'Qatar', 'B', '🇶🇦'),
  ('SUI', 'Suiza', 'B', '🇨🇭'),
  ('BRA', 'Brasil', 'C', '🇧🇷'),
  ('MAR', 'Marruecos', 'C', '🇲🇦'),
  ('HAI', 'Haití', 'C', '🇭🇹'),
  ('SCO', 'Escocia', 'C', '🏴'),
  ('USA', 'Estados Unidos', 'D', '🇺🇸'),
  ('PAR', 'Paraguay', 'D', '🇵🇾'),
  ('AUS', 'Australia', 'D', '🇦🇺'),
  ('TUR', 'Turquía', 'D', '🇹🇷'),
  ('GER', 'Alemania', 'E', '🇩🇪'),
  ('CUW', 'Curazao', 'E', '🇨🇼'),
  ('CIV', 'Costa de Marfil', 'E', '🇨🇮'),
  ('ECU', 'Ecuador', 'E', '🇪🇨'),
  ('NED', 'Países Bajos', 'F', '🇳🇱'),
  ('JPN', 'Japón', 'F', '🇯🇵'),
  ('SWE', 'Suecia', 'F', '🇸🇪'),
  ('TUN', 'Túnez', 'F', '🇹🇳'),
  ('BEL', 'Bélgica', 'G', '🇧🇪'),
  ('EGY', 'Egipto', 'G', '🇪🇬'),
  ('IRN', 'Irán', 'G', '🇮🇷'),
  ('NZL', 'Nueva Zelanda', 'G', '🇳🇿'),
  ('ESP', 'España', 'H', '🇪🇸'),
  ('CPV', 'Cabo Verde', 'H', '🇨🇻'),
  ('KSA', 'Arabia Saudí', 'H', '🇸🇦'),
  ('URU', 'Uruguay', 'H', '🇺🇾'),
  ('FRA', 'Francia', 'I', '🇫🇷'),
  ('SEN', 'Senegal', 'I', '🇸🇳'),
  ('IRQ', 'Iraq', 'I', '🇮🇶'),
  ('NOR', 'Noruega', 'I', '🇳🇴'),
  ('ARG', 'Argentina', 'J', '🇦🇷'),
  ('ALG', 'Argelia', 'J', '🇩🇿'),
  ('AUT', 'Austria', 'J', '🇦🇹'),
  ('JOR', 'Jordania', 'J', '🇯🇴'),
  ('POR', 'Portugal', 'K', '🇵🇹'),
  ('COD', 'RD del Congo', 'K', '🇨🇩'),
  ('UZB', 'Uzbekistán', 'K', '🇺🇿'),
  ('COL', 'Colombia', 'K', '🇨🇴'),
  ('ENG', 'Inglaterra', 'L', '🏴'),
  ('CRO', 'Croacia', 'L', '🇭🇷'),
  ('GHA', 'Ghana', 'L', '🇬🇭'),
  ('PAN', 'Panamá', 'L', '🇵🇦')
on conflict (code) do nothing;

-- Partidos de fase de grupos (72)
insert into public.matches (stage, group_letter, external_code, home_team_id, away_team_id) values
  ('group', 'A', 'G-A-01', (select id from public.teams where code = 'MEX'), (select id from public.teams where code = 'RSA')),
  ('group', 'A', 'G-A-02', (select id from public.teams where code = 'MEX'), (select id from public.teams where code = 'KOR')),
  ('group', 'A', 'G-A-03', (select id from public.teams where code = 'MEX'), (select id from public.teams where code = 'CZE')),
  ('group', 'A', 'G-A-04', (select id from public.teams where code = 'RSA'), (select id from public.teams where code = 'KOR')),
  ('group', 'A', 'G-A-05', (select id from public.teams where code = 'RSA'), (select id from public.teams where code = 'CZE')),
  ('group', 'A', 'G-A-06', (select id from public.teams where code = 'KOR'), (select id from public.teams where code = 'CZE')),
  ('group', 'B', 'G-B-07', (select id from public.teams where code = 'CAN'), (select id from public.teams where code = 'BIH')),
  ('group', 'B', 'G-B-08', (select id from public.teams where code = 'CAN'), (select id from public.teams where code = 'QAT')),
  ('group', 'B', 'G-B-09', (select id from public.teams where code = 'CAN'), (select id from public.teams where code = 'SUI')),
  ('group', 'B', 'G-B-10', (select id from public.teams where code = 'BIH'), (select id from public.teams where code = 'QAT')),
  ('group', 'B', 'G-B-11', (select id from public.teams where code = 'BIH'), (select id from public.teams where code = 'SUI')),
  ('group', 'B', 'G-B-12', (select id from public.teams where code = 'QAT'), (select id from public.teams where code = 'SUI')),
  ('group', 'C', 'G-C-13', (select id from public.teams where code = 'BRA'), (select id from public.teams where code = 'MAR')),
  ('group', 'C', 'G-C-14', (select id from public.teams where code = 'BRA'), (select id from public.teams where code = 'HAI')),
  ('group', 'C', 'G-C-15', (select id from public.teams where code = 'BRA'), (select id from public.teams where code = 'SCO')),
  ('group', 'C', 'G-C-16', (select id from public.teams where code = 'MAR'), (select id from public.teams where code = 'HAI')),
  ('group', 'C', 'G-C-17', (select id from public.teams where code = 'MAR'), (select id from public.teams where code = 'SCO')),
  ('group', 'C', 'G-C-18', (select id from public.teams where code = 'HAI'), (select id from public.teams where code = 'SCO')),
  ('group', 'D', 'G-D-19', (select id from public.teams where code = 'USA'), (select id from public.teams where code = 'PAR')),
  ('group', 'D', 'G-D-20', (select id from public.teams where code = 'USA'), (select id from public.teams where code = 'AUS')),
  ('group', 'D', 'G-D-21', (select id from public.teams where code = 'USA'), (select id from public.teams where code = 'TUR')),
  ('group', 'D', 'G-D-22', (select id from public.teams where code = 'PAR'), (select id from public.teams where code = 'AUS')),
  ('group', 'D', 'G-D-23', (select id from public.teams where code = 'PAR'), (select id from public.teams where code = 'TUR')),
  ('group', 'D', 'G-D-24', (select id from public.teams where code = 'AUS'), (select id from public.teams where code = 'TUR')),
  ('group', 'E', 'G-E-25', (select id from public.teams where code = 'GER'), (select id from public.teams where code = 'CUW')),
  ('group', 'E', 'G-E-26', (select id from public.teams where code = 'GER'), (select id from public.teams where code = 'CIV')),
  ('group', 'E', 'G-E-27', (select id from public.teams where code = 'GER'), (select id from public.teams where code = 'ECU')),
  ('group', 'E', 'G-E-28', (select id from public.teams where code = 'CUW'), (select id from public.teams where code = 'CIV')),
  ('group', 'E', 'G-E-29', (select id from public.teams where code = 'CUW'), (select id from public.teams where code = 'ECU')),
  ('group', 'E', 'G-E-30', (select id from public.teams where code = 'CIV'), (select id from public.teams where code = 'ECU')),
  ('group', 'F', 'G-F-31', (select id from public.teams where code = 'NED'), (select id from public.teams where code = 'JPN')),
  ('group', 'F', 'G-F-32', (select id from public.teams where code = 'NED'), (select id from public.teams where code = 'SWE')),
  ('group', 'F', 'G-F-33', (select id from public.teams where code = 'NED'), (select id from public.teams where code = 'TUN')),
  ('group', 'F', 'G-F-34', (select id from public.teams where code = 'JPN'), (select id from public.teams where code = 'SWE')),
  ('group', 'F', 'G-F-35', (select id from public.teams where code = 'JPN'), (select id from public.teams where code = 'TUN')),
  ('group', 'F', 'G-F-36', (select id from public.teams where code = 'SWE'), (select id from public.teams where code = 'TUN')),
  ('group', 'G', 'G-G-37', (select id from public.teams where code = 'BEL'), (select id from public.teams where code = 'EGY')),
  ('group', 'G', 'G-G-38', (select id from public.teams where code = 'BEL'), (select id from public.teams where code = 'IRN')),
  ('group', 'G', 'G-G-39', (select id from public.teams where code = 'BEL'), (select id from public.teams where code = 'NZL')),
  ('group', 'G', 'G-G-40', (select id from public.teams where code = 'EGY'), (select id from public.teams where code = 'IRN')),
  ('group', 'G', 'G-G-41', (select id from public.teams where code = 'EGY'), (select id from public.teams where code = 'NZL')),
  ('group', 'G', 'G-G-42', (select id from public.teams where code = 'IRN'), (select id from public.teams where code = 'NZL')),
  ('group', 'H', 'G-H-43', (select id from public.teams where code = 'ESP'), (select id from public.teams where code = 'CPV')),
  ('group', 'H', 'G-H-44', (select id from public.teams where code = 'ESP'), (select id from public.teams where code = 'KSA')),
  ('group', 'H', 'G-H-45', (select id from public.teams where code = 'ESP'), (select id from public.teams where code = 'URU')),
  ('group', 'H', 'G-H-46', (select id from public.teams where code = 'CPV'), (select id from public.teams where code = 'KSA')),
  ('group', 'H', 'G-H-47', (select id from public.teams where code = 'CPV'), (select id from public.teams where code = 'URU')),
  ('group', 'H', 'G-H-48', (select id from public.teams where code = 'KSA'), (select id from public.teams where code = 'URU')),
  ('group', 'I', 'G-I-49', (select id from public.teams where code = 'FRA'), (select id from public.teams where code = 'SEN')),
  ('group', 'I', 'G-I-50', (select id from public.teams where code = 'FRA'), (select id from public.teams where code = 'IRQ')),
  ('group', 'I', 'G-I-51', (select id from public.teams where code = 'FRA'), (select id from public.teams where code = 'NOR')),
  ('group', 'I', 'G-I-52', (select id from public.teams where code = 'SEN'), (select id from public.teams where code = 'IRQ')),
  ('group', 'I', 'G-I-53', (select id from public.teams where code = 'SEN'), (select id from public.teams where code = 'NOR')),
  ('group', 'I', 'G-I-54', (select id from public.teams where code = 'IRQ'), (select id from public.teams where code = 'NOR')),
  ('group', 'J', 'G-J-55', (select id from public.teams where code = 'ARG'), (select id from public.teams where code = 'ALG')),
  ('group', 'J', 'G-J-56', (select id from public.teams where code = 'ARG'), (select id from public.teams where code = 'AUT')),
  ('group', 'J', 'G-J-57', (select id from public.teams where code = 'ARG'), (select id from public.teams where code = 'JOR')),
  ('group', 'J', 'G-J-58', (select id from public.teams where code = 'ALG'), (select id from public.teams where code = 'AUT')),
  ('group', 'J', 'G-J-59', (select id from public.teams where code = 'ALG'), (select id from public.teams where code = 'JOR')),
  ('group', 'J', 'G-J-60', (select id from public.teams where code = 'AUT'), (select id from public.teams where code = 'JOR')),
  ('group', 'K', 'G-K-61', (select id from public.teams where code = 'POR'), (select id from public.teams where code = 'COD')),
  ('group', 'K', 'G-K-62', (select id from public.teams where code = 'POR'), (select id from public.teams where code = 'UZB')),
  ('group', 'K', 'G-K-63', (select id from public.teams where code = 'POR'), (select id from public.teams where code = 'COL')),
  ('group', 'K', 'G-K-64', (select id from public.teams where code = 'COD'), (select id from public.teams where code = 'UZB')),
  ('group', 'K', 'G-K-65', (select id from public.teams where code = 'COD'), (select id from public.teams where code = 'COL')),
  ('group', 'K', 'G-K-66', (select id from public.teams where code = 'UZB'), (select id from public.teams where code = 'COL')),
  ('group', 'L', 'G-L-67', (select id from public.teams where code = 'ENG'), (select id from public.teams where code = 'CRO')),
  ('group', 'L', 'G-L-68', (select id from public.teams where code = 'ENG'), (select id from public.teams where code = 'GHA')),
  ('group', 'L', 'G-L-69', (select id from public.teams where code = 'ENG'), (select id from public.teams where code = 'PAN')),
  ('group', 'L', 'G-L-70', (select id from public.teams where code = 'CRO'), (select id from public.teams where code = 'GHA')),
  ('group', 'L', 'G-L-71', (select id from public.teams where code = 'CRO'), (select id from public.teams where code = 'PAN')),
  ('group', 'L', 'G-L-72', (select id from public.teams where code = 'GHA'), (select id from public.teams where code = 'PAN'))
on conflict (external_code) do nothing;

-- Partidos de eliminatorias (equipos por determinar al avanzar las rondas)
insert into public.matches (stage, external_code) values
  ('r32', 'R32-01'),
  ('r32', 'R32-02'),
  ('r32', 'R32-03'),
  ('r32', 'R32-04'),
  ('r32', 'R32-05'),
  ('r32', 'R32-06'),
  ('r32', 'R32-07'),
  ('r32', 'R32-08'),
  ('r32', 'R32-09'),
  ('r32', 'R32-10'),
  ('r32', 'R32-11'),
  ('r32', 'R32-12'),
  ('r32', 'R32-13'),
  ('r32', 'R32-14'),
  ('r32', 'R32-15'),
  ('r32', 'R32-16'),
  ('r16', 'R16-01'),
  ('r16', 'R16-02'),
  ('r16', 'R16-03'),
  ('r16', 'R16-04'),
  ('r16', 'R16-05'),
  ('r16', 'R16-06'),
  ('r16', 'R16-07'),
  ('r16', 'R16-08'),
  ('qf', 'QF-01'),
  ('qf', 'QF-02'),
  ('qf', 'QF-03'),
  ('qf', 'QF-04'),
  ('sf', 'SF-01'),
  ('sf', 'SF-02'),
  ('tp', 'TP-01'),
  ('final', 'FINAL-01')
on conflict (external_code) do nothing;

-- Fechas de cierre de pronósticos
insert into public.phase_locks (phase, locks_at) values
  ('group', '2026-06-11T16:00:00-05:00'),
  ('r32', '2026-06-28T12:00:00-05:00'),
  ('r16', '2026-07-04T12:00:00-05:00'),
  ('qf', '2026-07-09T12:00:00-05:00'),
  ('sf', '2026-07-14T12:00:00-05:00'),
  ('final', '2026-07-18T12:00:00-05:00'),
  ('top_positions', '2026-06-11T16:00:00-05:00'),
  ('top_scorer', '2026-06-11T16:00:00-05:00')
on conflict (phase) do update set locks_at = excluded.locks_at;
